{"Au": [{"peak": [9.3, 10.2], "intercept": 707.2346465148548, "intercept err": 544.213704846142, "slope": 2812.0482214228823, "slope err": 43.86586014490653, "r2": 0.9982995389745586, "x umol": [0.0, 0.5, 1.0, 3.0, 5.0, 10.0, 15.0, 20.0, 25.0], "y peak area": [84.86068292924108, 1678.1387771498246, 3211.444792592332, 8587.97569047869, 15249.912324325844, 29974.240935436384, 45027.22706944258, 56465.69877624117, 69643.44637315681], "y peak area err": [12.737001611848381, 33.51743612240152, 12.137993333560367, 68.32921036750642, 88.26478748133714, 113.58646690481608, 67.08528895140121, 213.75800770565291, 288.4161424313628]}, {"peak": [10.75, 12.25], "intercept": 910.1592449201853, "intercept err": 737.7309728485554, "slope": 3708.323394794994, "slope err": 59.46414688084638, "r2": 0.9982033138070531, "x umol": [0.0, 0.5, 1.0, 3.0, 5.0, 10.0, 15.0, 20.0, 25.0], "y peak area": [196.81424135050594, 2182.8255062430353, 4187.543860117801, 11303.586082841399, 20181.977287884853, 38950.083517238854, 59643.04230203836, 74773.03714249091, 91584.23315027801], "y peak area err": [13.361274053820342, 34.245202210430946, 28.335179707512722, 47.445863107924886, 137.8747359536911, 162.6949551016558, 127.75402646121863, 321.8659885603608, 246.27889362359846]}]}