{"Au": [{"peak": [9.3, 10.2], "intercept": 0, "intercept err": 0, "slope": 6.462052170107713, "slope err": 0.08368472179647411, "r2": 0.9973151899408499, "x perc": [0.0, 0.025385051412719996, 0.051684027705599996, 0.15959019286656, 0.2778016489176, 0.5546578583039999, 0.8698043687039998, 1.1868417581664, 1.5008852557799999], "umol to perc": 0.07878662759999999, "y peak area": [0.010054638070999723, 0.20678918602788227, 0.3872227123944948, 1.074498732152798, 1.8752050937242577, 3.788601494662229, 5.700173591051208, 7.251548864464149, 9.885707945181625], "y peak area err": [0.0015091316367571818, 0.004130196762422705, 0.0014635489868243365, 0.008549121823900082, 0.01085347782402968, 0.014356789276281421, 0.008492592790141897, 0.027451651727180153, 0.040939934012357626], "calib weights": [149.8, 161.1, 164.0, 168.8, 176.3, 176.0, 184.0, 188.3, 190.5]}, {"peak": [10.75, 12.25], "intercept": 0, "intercept err": 0, "slope": 8.518138022128955, "slope err": 0.10001808911916497, "r2": 0.9977932375900519, "x perc": [0.0, 0.025385051412719996, 0.051684027705599996, 0.15959019286656, 0.2778016489176, 0.5546578583039999, 0.8698043687039998, 1.1868417581664, 1.5008852557799999], "umol to perc": 0.07878662759999999, "y peak area": [0.02331934997091382, 0.2689793691815737, 0.5049166952911609, 1.4142668019261824, 2.48167634061083, 4.923105307269774, 7.550447068297291, 9.602649826965628, 13.00014615095262], "y peak area err": [0.0015830979693389083, 0.004219875974945313, 0.0034165386306497353, 0.00593626749941415, 0.01695376396612209, 0.020563868636117172, 0.016172886450001856, 0.041335307336768067, 0.03495866513380477], "calib weights": [149.8, 161.1, 164.0, 168.8, 176.3, 176.0, 184.0, 188.3, 190.5]}]}