{"Au": [{"peak": [9.3, 10.2], "intercept": 0, "intercept err": 0, "slope": 6.488436120900858, "slope err": 0.08395754727609374, "r2": 0.9973208729846088, "x perc": [0.0, 0.025385051412719996, 0.051684027705599996, 0.15959019286656, 0.2778016489176, 0.5546578583039999, 0.8698043687039998, 1.1868417581664, 1.5008852557799999], "umol to perc": 0.07878662759999999, "y peak area": [0.010104603576405004, 0.20729935959043025, 0.3881997462077883, 1.0772074046222462, 1.8807598353379935, 3.8000535976248146, 5.722269879509728, 7.2803707446463095, 9.929451779545037], "y peak area err": [0.0015104786349921166, 0.004131482772320537, 0.0014732309106598365, 0.008534415542122777, 0.010855636036442363, 0.014844725805559775, 0.00867760567803813, 0.027547748726401273, 0.040742672491699314], "calib weights": [149.8, 161.1, 164.0, 168.8, 176.3, 176.0, 184.0, 188.3, 190.5]}, {"peak": [10.75, 12.25], "intercept": 0, "intercept err": 0, "slope": 8.552927468187455, "slope err": 0.10036202124937636, "r2": 0.9977971282425696, "x perc": [0.0, 0.025385051412719996, 0.051684027705599996, 0.15959019286656, 0.2778016489176, 0.5546578583039999, 0.8698043687039998, 1.1868417581664, 1.5008852557799999], "umol to perc": 0.07878662759999999, "y peak area": [0.0234098267626724, 0.26965000563280817, 0.5061928532747281, 1.4178398269199304, 2.489028631771455, 4.93799873420213, 7.579718658647793, 9.640819429751916, 13.057688145039377], "y peak area err": [0.0015848126653484756, 0.004223104726028121, 0.0034220407317111065, 0.005919729731516941, 0.016829316989505214, 0.021506844469237365, 0.016322441140961274, 0.04142532425755085, 0.034004774553784874], "calib weights": [149.8, 161.1, 164.0, 168.8, 176.3, 176.0, 184.0, 188.3, 190.5]}]}