{"Si": [{"peak": [1.5, 2.0], "intercept": 8295.646037818144, "intercept err": 92.91936938654001, "slope": -38.297342474911794, "slope err": 7.489682869003126, "r2": 0.7888151098639506, "x umol": [0.0, 0.5, 1.0, 3.0, 5.0, 10.0, 15.0, 20.0, 25.0], "y peak area": [8439.954012268436, 8115.215352332563, 8293.534159537046, 7992.541483294599, 8132.397024390917, 7911.690099279952, 7899.2729519907125, 7786.708719974086, 7044.861810539486], "y peak area err": [122.90870698576698, 73.38615207521532, 45.12142419898184, 58.703299715829075, 104.34112513645918, 25.75949771494481, 71.00703157279, 63.48508655022482, 101.57192947592777]}]}