{"Si": [{"peak": [1.5, 2.0], "intercept": 8286.858613923172, "intercept err": 90.52947916940813, "slope": -50.50000019925059, "slope err": 9.734792343373877, "r2": 0.7935771316858479, "x umol": [0.0, 0.3222, 0.656, 2.0256000000000003, 3.5260000000000002, 7.04, 11.04, 15.064000000000002, 19.05], "umol to perc": 0.0112342, "y peak area": [8439.954012268436, 8115.215352332563, 8293.534159537046, 7992.541483294599, 8132.397024390917, 7911.690099279952, 7899.2729519907125, 7786.708719974086, 7044.861810539486], "y peak area err": [122.90870698576698, 73.38615207521532, 45.12142419898184, 58.703299715829075, 104.34112513645918, 25.75949771494481, 71.00703157279, 63.48508655022482, 101.57192947592777]}]}