Element,Sample 0 112.2,Sample 1 112.2,Sample 2 112.2,Sample 3 112.2,Sample 4 112.2,Sample 5 112.2,Sample 6 112.2,Sample 7 112.2,Sample 8 112.2,Sample 9 112.2
Au perc,0.00468619296801585,0.022336116323247737,0.038895158513537524,0.10234146352605708,0.17653793430993342,0.35002115456294486,0.5299172715048468,0.7074112958039793,0.6731174841938091,0.9132225822145674
Au perc err,0.008238772767146163,0.00825499275240488,0.008271989348029855,0.008481492527630662,0.008947162387180872,0.01062976012218497,0.012954065121100538,0.01593514732761218,0.015329646440429175,0.01928452394153639
Au umol,0.059479547618254074,0.2835013631583304,0.4936771594160419,1.2989699729964974,2.24070936512497,4.442646743810429,6.725979873072355,8.97882441923405,8.543549897975442,11.59108607682768
Au umol err,0.10457069959859741,0.1047765719116131,0.1049923013588902,0.10765142240496993,0.1135619414071846,0.13491832873152412,0.16441959144219723,0.20225700493889628,0.19457167932428646,0.24476899861032242
