Element,K02080Au4,K02080Au5
Au perc,0.019800312427521408,0.01488827396368752
Au perc err,0.013242735761028602,0.013235134518878502
Au umol,0.25131564874241946,0.1889695550782468
Au umol err,0.16808354621119234,0.16798706737485108
